PARI stack size set to 1000000000 bytes, maximum size set to 1000001536
n,k,tested,fails
5,-7,142,73
5,-23,144,74
5,-31,147,80
5,-47,149,75
5,-71,150,77
5,-79,147,71
5,-103,151,80
6,-7,142,74
6,-23,143,74
6,-31,148,78
6,-47,148,78
6,-71,150,77
6,-79,148,77
6,-103,151,76
7,-15,148,79
7,-23,144,76
7,-31,147,79
7,-47,148,83
7,-71,151,80
7,-79,148,77
7,-103,150,79
13,-7,142,75
13,-15,148,79
13,-23,143,71
13,-31,148,79
13,-47,149,82
13,-71,151,75
13,-79,147,73
13,-103,150,79
14,-15,148,77
14,-23,144,73
14,-31,147,82
14,-47,148,82
14,-71,151,76
14,-79,148,77
14,-103,150,80
15,-7,142,74
15,-23,143,72
15,-31,147,76
15,-47,148,78
15,-71,149,73
15,-79,147,73
15,-103,151,77
20,-7,142,73
20,-23,144,74
20,-31,147,80
20,-47,149,75
20,-71,150,77
20,-79,147,71
20,-103,151,80
21,-23,143,66
21,-31,147,80
21,-47,147,74
21,-71,150,71
21,-79,148,70
21,-103,150,72
22,-7,141,71
22,-15,148,77
22,-23,144,77
22,-31,148,75
22,-47,149,78
22,-71,151,70
22,-79,147,73
22,-103,151,80
23,-7,141,74
23,-15,147,76
23,-31,148,77
23,-47,149,77
23,-71,151,72
23,-79,147,74
23,-103,150,81
24,-7,142,74
24,-23,143,74
24,-31,148,78
24,-47,148,78
24,-71,150,77
24,-79,148,77
24,-103,151,76
28,-15,148,79
28,-23,144,76
28,-31,147,79
28,-47,148,83
28,-71,151,80
28,-79,148,77
28,-103,150,79
29,-7,141,75
29,-15,148,74
29,-23,143,71
29,-31,148,78
29,-47,149,73
29,-71,150,73
29,-79,148,73
29,-103,150,79
30,-7,142,72
30,-23,143,73
30,-31,147,74
30,-47,148,73
30,-71,149,74
30,-79,147,72
30,-103,151,78
31,-7,142,74
31,-15,147,77
31,-23,143,74
31,-47,149,80
31,-71,151,77
31,-79,147,75
31,-103,151,84
37,-7,141,72
37,-15,148,73
37,-23,144,72
37,-31,148,73
37,-47,148,74
37,-71,150,70
37,-79,148,71
37,-103,151,76
38,-7,142,76
38,-15,147,76
38,-23,144,75
38,-31,147,77
38,-47,149,78
38,-71,150,71
38,-79,147,71
38,-103,150,77
39,-7,142,68
39,-23,142,69
39,-31,148,76
39,-47,148,75
39,-71,150,72
39,-79,147,72
39,-103,150,76
45,-7,142,73
45,-23,144,74
45,-31,147,80
45,-47,149,75
45,-71,150,77
45,-79,147,71
45,-103,151,80
46,-7,141,72
46,-15,147,78
46,-31,148,78
46,-47,149,80
46,-71,151,74
46,-79,147,78
46,-103,150,82
47,-7,142,77
47,-15,147,78
47,-23,143,73
47,-31,147,79
47,-71,151,80
47,-79,148,72
47,-103,151,82
52,-7,142,75
52,-15,148,79
52,-23,143,71
52,-31,148,79
52,-47,149,82
52,-71,151,75
52,-79,147,73
52,-103,150,79
53,-7,141,73
53,-15,147,80
53,-23,144,71
53,-31,148,75
53,-47,148,75
53,-71,151,76
53,-79,148,71
53,-103,151,80
54,-7,142,74
54,-23,143,74
54,-31,148,78
54,-47,148,78
54,-71,150,77
54,-79,148,77
54,-103,151,76
55,-7,141,69
55,-23,144,71
55,-31,147,72
55,-47,149,76
55,-71,150,69
55,-79,146,74
55,-103,151,77
56,-15,148,77
56,-23,144,73
56,-31,147,82
56,-47,148,82
56,-71,151,76
56,-79,148,77
56,-103,150,80
# pairs=188 tested=27687 fails=14241 rate=0.5144
